{"count":1,"self":4.3646864,"total":18.4380789,"children":{"InitializeActuators":{"count":1,"self":0.0020006,"total":0.0020006,"children":null},"InitializeSensors":{"count":1,"self":0.0030017999999999998,"total":0.0030017999999999998,"children":null},"AgentSendState":{"count":1467,"self":0.14369569999999998,"total":0.49211819999999995,"children":{"CollectObservations":{"count":1467,"self":0.0030057,"total":0.0030057,"children":null},"WriteActionMask":{"count":1467,"self":0,"total":0,"children":null},"RequestDecision":{"count":1467,"self":0.0159587,"total":0.34541679999999997,"children":{"AgentInfo.ToProto":{"count":1467,"self":0.0049949,"total":0.3294581,"children":{"GenerateSensorData":{"count":1467,"self":0.317459,"total":0.3244632,"children":{"RayPerceptionSensor.Perceive":{"count":1467,"self":0.0070041999999999995,"total":0.0070041999999999995,"children":null}}}}}}}}},"DecideAction":{"count":1467,"self":12.302074399999999,"total":12.302074099999999,"children":null},"AgentAct":{"count":1467,"self":1.2731961999999999,"total":1.2731961999999999,"children":null}},"gauges":{},"metadata":{"timer_format_version":"0.1.0","start_time_seconds":"1744543205","unity_version":"2022.3.13f1","command_line_arguments":"D:\\Unity\\2022.3.13f1\\Editor\\Unity.exe -projectpath C:\\UnityProjects\\FinalYearPro -useHub -hubIPC -cloudEnvironment production -licensingIpc LicenseClient-User -hubSessionId a1f6d287-b4a9-49f9-8bb4-fc7567e20185 -accessToken QbebsEg8GXe0hx_p68s9g3Hy0JIWRz75vqBYceI5Cjg005f","communication_protocol_version":"1.5.0","com.unity.ml-agents_version":"2.0.1","scene_name":"MainScene","end_time_seconds":"1744543223"}}