{"count":1,"self":158.174272,"total":46470.0916187,"children":{"InitializeActuators":{"count":1,"self":0.0010011,"total":0.0010011,"children":null},"InitializeSensors":{"count":1,"self":0.0010007,"total":0.0010007,"children":null},"AgentSendState":{"count":200384,"self":1.0614861,"total":43.2989623,"children":{"CollectObservations":{"count":200384,"self":0.66404889999999994,"total":0.66404889999999994,"children":null},"WriteActionMask":{"count":200384,"self":0.1677024,"total":0.1677024,"children":null},"RequestDecision":{"count":200384,"self":0.7625056,"total":41.405724899999996,"children":{"AgentInfo.ToProto":{"count":200384,"self":0.99345759999999994,"total":40.6432193,"children":{"GenerateSensorData":{"count":200384,"self":39.649763199999995,"total":39.6497617,"children":null}}}}}}},"DecideAction":{"count":200384,"self":46091.698176,"total":46091.6977374,"children":null},"AgentAct":{"count":200384,"self":176.90164479999999,"total":176.9186436,"children":{"AgentInfo.ToProto":{"count":69,"self":0.0010007,"total":0.0169999,"children":{"GenerateSensorData":{"count":69,"self":0.015999199999999998,"total":0.015999199999999998,"children":null}}}}}},"gauges":{"Movement.CumulativeReward":{"count":69,"max":2654.23633,"min":14.5708141,"runningAverage":1060.61938,"value":512.435242,"weightedAverage":478.7517}},"metadata":{"timer_format_version":"0.1.0","start_time_seconds":"1743026679","unity_version":"2022.3.13f1","command_line_arguments":"D:\\Unity\\2022.3.13f1\\Editor\\Unity.exe -projectpath C:\\UnityProjects\\FinalYearPro -useHub -hubIPC -cloudEnvironment production -licensingIpc LicenseClient-User -hubSessionId c79fe685-01e2-441e-9a24-6ce9dfc8d4b0 -accessToken YGJVhQBEoyYL697tVWYbfYSLDdtyrzMaRvYJ7FgvjHc005f","communication_protocol_version":"1.5.0","com.unity.ml-agents_version":"2.0.1","scene_name":"MainScene","end_time_seconds":"1743073149"}}