{"count":1,"self":437.1372032,"total":1707.2795409,"children":{"InitializeActuators":{"count":1,"self":0.0020020999999999997,"total":0.0020020999999999997,"children":null},"InitializeSensors":{"count":1,"self":0.0040051999999999996,"total":0.0040051999999999996,"children":null},"AgentSendState":{"count":182667,"self":19.9033952,"total":64.1928341,"children":{"CollectObservations":{"count":182667,"self":0.6498778,"total":0.6498778,"children":null},"WriteActionMask":{"count":182667,"self":0.1698325,"total":0.1698325,"children":null},"RequestDecision":{"count":182667,"self":0.9305276,"total":43.469728599999996,"children":{"AgentInfo.ToProto":{"count":182667,"self":1.1837111999999999,"total":42.539201,"children":{"GenerateSensorData":{"count":182667,"self":40.8435072,"total":41.3554898,"children":{"RayPerceptionSensor.Perceive":{"count":182667,"self":0.5119832,"total":0.5119832,"children":null}}}}}}}}},"DecideAction":{"count":182667,"self":1048.1885184,"total":1048.1884816,"children":null},"AgentAct":{"count":182667,"self":157.68706559999998,"total":157.7360233,"children":{"AgentInfo.ToProto":{"count":96,"self":0,"total":0.048957999999999995,"children":{"GenerateSensorData":{"count":96,"self":0.0479553,"total":0.048957999999999995,"children":{"RayPerceptionSensor.Perceive":{"count":96,"self":0.0010027,"total":0.0010027,"children":null}}}}}}}},"gauges":{"Movement.CumulativeReward":{"count":96,"max":1194.46216,"min":0.7414423,"runningAverage":485.794556,"value":1116.89648,"weightedAverage":956.6134}},"metadata":{"timer_format_version":"0.1.0","start_time_seconds":"1745513423","unity_version":"2022.3.13f1","command_line_arguments":"D:\\Unity\\2022.3.13f1\\Editor\\Unity.exe -projectpath C:\\UnityProjects\\FinalYearPro -useHub -hubIPC -cloudEnvironment production -licensingIpc LicenseClient-User -hubSessionId 622ba65d-94af-45f7-986d-c6fcd8c15baf -accessToken 1jJHs1OsMwd1eKPVbKoMs48noSFdyUOmRwwbiFlsYhw005f","communication_protocol_version":"1.5.0","com.unity.ml-agents_version":"2.0.1","scene_name":"MainScene","end_time_seconds":"1745515129"}}